{
    "weights_h": [
        [
            1.2943591955906797,
            -0.1746190414083493,
            0.8932439093560212
        ],
        [
            -3.2831750309456678,
            0.004389085017014176,
            0.029426450384575184
        ],
        [
            -0.28057088775635863,
            1.3525401971038644,
            -0.16464920585507126
        ],
        [
            -0.016742084248302144,
            3.5657558350895004,
            -0.006031286037433632
        ],
        [
            0.001922287474421729,
            2.2685983022852048,
            0.004100129046644811
        ],
        [
            0.9217603657232424,
            -0.18044115524615018,
            0.20445025133460992
        ],
        [
            1.4004111779726223,
            0.07377016730237054,
            0.8955854994210575
        ]
    ],
    "weights_o": [
        [
            1.084321055583185,
            1.0796326304209198,
            -1.048386837377191,
            -1.106862729524528,
            1.823110482514837,
            0.4939765899090188,
            0.9904038634131559
        ]
    ],
    "bias_h": [
        -1.5804742419668592,
        1.8596062884047484,
        -1.4343677115452642,
        -1.5471069419359955,
        -1.390106431114733,
        -0.5892525962985766,
        -0.22111310059930975
    ],
    "bias_o": [
        0.4424999451390658
    ],
    "qty_neurons": 7,
    "function_h_name": "Tangente Hiperb\u00f3lica",
    "function_o_name": "ReLU"
}