{"weights_h": [[-4.877445601402346, -4.9224057898101075, -6.858434545954394], [-3.6043340609455057, -3.512623756177973, -3.481593641362064]], "weights_o": [[-4.273217470735103, -3.008626700997676, -2.07884231683507]], "bias": [[0.99, 0.99], [0.99]], "alpha": 0.2, "function_h_name": "sigmoid", "function_o_name": "sigmoid", "neurons_hidden_layer": 2}