{
  "weights_h": [
    [0.2551375600790401, 1.6669040389044876, 0.1656881751300839],
    [1.1295250799775296, -0.28953571988922605, 0.7408917990036605],
    [0.033924664096317746, 2.8827801748094277, 0.03115038788740063],
    [0.04655018038022499, 3.7645648856120473, 0.050862448112828494],
    [-3.5055509377534326, 0.0015161793913286183, 0.03907009121900322],
    [1.1770534328344706, -0.3814528074458369, 0.7675232671212587]
  ],
  "weights_o": [
    [
      0.5445448581423721, 1.618058464769582, 0.9593694879079293,
      -0.850033297982059, 1.0709185861766302, 1.4879352671029167
    ]
  ],
  "bias_h": [
    -0.34839089722715727, -1.4078537479916042, -1.9455134617076777,
    -1.642962206743147, 1.9929452132500252, 0.11163296446838826
  ],
  "bias_o": [0.8838584430452471],
  "qty_neurons": 6,
  "function_h_name": "tanh",
  "function_o_name": "ReLU"
}
