{
  "training_date": "2024-09-30 07:36:35",
  "epochs": 67384,
  "max_epochs": 100000,
  "qty_neurons": 5,
  "arquitecture": [2, 5, 1],
  "function_h": "tanh",
  "function_o": "tanh",
  "momentum": true,
  "initial_bias": 0,
  "b": 0.3,
  "alpha": 0.05,
  "precision": 0.0001,
  "errores_totales": [
    0.19118852806454395, 0.035346593845425364, 0.02213843408474127,
    0.016121416034318867, 0.014058676897225949, 0.012812680261143988,
    0.011887164933998867, 0.011151713179743136, 0.010553441844362025,
    0.010062466862517641, 0.009657036278003189, 0.009318447736518744,
    0.00902840832612383, 0.00876336079740759, 0.008477771202069275,
    0.008082980675501391, 0.007445366250016318, 0.006309862649974282,
    0.004419602123280786, 0.002301411759876577, 0.0009982782355079142,
    0.00045516805721997603, 0.00023590257229385786, 0.00013629601570308128,
    8.549964380728141e-5, 5.7134002626790975e-5, 4.011570646469881e-5,
    8.745321517462107e-5, 3.0449915310205877e-5, 2.2868727948352342e-5,
    0.00012175109390550289, 1.832395002391637e-5, 1.426063215270613e-5,
    8.231678829123372e-5, 1.273539250563721e-5, 1.0017291250279686e-5,
    0.0003291745828902156, 9.869855719540438e-6, 7.720938257065028e-6,
    0.02185169662377477, 8.421823976039224e-6, 6.452281420446838e-6,
    5.215377953076137e-6, 4.812613442592224e-5, 5.833130580730514e-6,
    4.622622748584227e-6, 3.812389941802919e-6, 5.716221114627516e-6,
    4.386687718383518e-6, 3.5425850199071254e-6, 2.9586371231696624e-6,
    4.598423225584123e-6, 3.5221025440036287e-6, 2.8714367794293003e-6,
    2.414364319854658e-6, 3.1648547200580354e-6, 2.9923144952702847e-6,
    2.445112338404081e-6, 2.059795914477848e-6, 0.0017738963394452357,
    2.668634331811465e-6, 2.1721998521403263e-6, 1.8256645449686153e-6,
    1.5685016074290255e-6, 1.8204983013763832e-6, 2.0190957575234897e-6,
    1.6842083710796926e-6, 1.439503376959997e-6
  ],
  "errores_patrones": [
    [
      0.4009062189090476, 0.10140998891233596, 0.003466736999383138,
      0.09332644054341153, 0.42329937776346765, 0.004156607506012143,
      0.44028689402050064, 0.00424980827461832, 0.43621517919236985,
      0.004568028524292805
    ],
    [
      3.123327538896434e-5, 0.010861316762185201, 5.921502140798544e-5,
      0.008306402082612048, 0.14504782577731876, 0.1478204236024661,
      0.02635070568361964, 0.01413337587112094, 0.0008521933655815123,
      3.247012552484904e-6
    ],
    [
      1.6683862211794155e-5, 0.008739071912976036, 5.8489590942007366e-5,
      0.041159356329430276, 0.037650642566448775, 0.11722047551845771,
      0.01309726185628881, 0.0023306567180858585, 0.001107368083088404,
      4.3344094830311684e-6
    ],
    [
      7.551780108876601e-6, 0.007439065801341035, 1.1017145298240387e-5,
      0.053899741942846004, 0.010929263622525973, 0.07993947340744682,
      0.00790576125789993, 0.000294741616909367, 0.0007828506261830925,
      4.6931426293255355e-6
    ],
    [
      4.87493798294002e-6, 0.006481859180593109, 1.9462302044412974e-6,
      0.054100275336625495, 0.005915581955715841, 0.06728121795079364,
      0.006111809643469474, 7.538891962082771e-5, 0.0006078091352666549,
      6.005681987072764e-6
    ],
    [
      2.9114149341127947e-6, 0.005711419007301607, 4.131438358637756e-7,
      0.05281288311552355, 0.003868140476162898, 0.06030866747221122,
      0.004924709407848292, 3.13596670109107e-5, 0.00045981690967031655,
      6.481996941120081e-6
    ],
    [
      1.7763668348146073e-6, 0.0049965611716329085, 1.0084894811922783e-7,
      0.05141495094851527, 0.0027237954719338733, 0.05542962975044211,
      0.00394198667267801, 1.679837709250703e-5, 0.00034048316152921566,
      5.56657038183913e-6
    ],
    [
      1.1469863703652638e-6, 0.004317229484677724, 2.851011568214579e-8,
      0.050067842809803476, 0.002007498019429529, 0.05175349943258451,
      0.003107254294064445, 1.0385161492582803e-5, 0.0002480006738671185,
      4.246425025930481e-6
    ],
    [
      7.750264747823623e-7, 0.003685368617086264, 9.241983915262919e-9,
      0.048795547794752044, 0.0015314747472733718, 0.04891397808713216,
      0.00241826431873841, 7.052024326181074e-6, 0.0001788250936575879,
      3.123492195525395e-6
    ],
    [
      5.361566635538154e-7, 0.003114911241692388, 3.3548610777419772e-9,
      0.04760606924145284, 0.0012015080144994472, 0.04669826629447004,
      0.0018675698629144573, 5.138164763735531e-6, 0.0001283809595847809,
      2.285334274098716e-6
    ],
    [
      3.733121735249957e-7, 0.0026107857918361197, 1.3327256321049974e-9,
      0.046498228119858195, 0.0009651363820475882, 0.044961936288438316,
      0.0014362117603990022, 3.962210424144452e-6, 9.205520646564307e-5,
      1.6723756637246805e-6
    ],
    [
      2.5820740887685597e-7, 0.0021694673532745325, 5.685373493588268e-10,
      0.04545438921994585, 0.0007912027476224382, 0.04359811169709165,
      0.0011006965942026705, 3.204428582705194e-6, 6.59262037339447e-5,
      1.2203447874248124e-6
    ],
    [
      1.743899193629545e-7, 0.0017825416893110034, 2.554994783955649e-10,
      0.04442792717767384, 0.0006604843397888285, 0.04252346968753907,
      0.0008388956352393663, 2.7061742743367817e-6, 4.700422796925323e-5,
      8.796840237634831e-7
    ],
    [
      1.0963003780773954e-7, 0.0014396140666986521, 1.17557658007177e-10,
      0.04329770768780997, 0.0005612057852515837, 0.04166610710350887,
      0.0006326574069299262, 2.3975530568414032e-6, 3.3195443046650904e-5,
      6.131801779314247e-7
    ],
    [
      5.196510285943803e-8, 0.0011353514542895191, 5.227057015298847e-11,
      0.04174755741333998, 0.00048662705312021813, 0.04091175896376972,
      0.0004703876950342496, 2.2838759854776845e-6, 2.3298187862151067e-5,
      3.9535991800068385e-7
    ],
    [
      4.282196726270709e-9, 0.0008770158755748823, 1.9150215369931692e-11,
      0.0392265643600744, 0.00043119633406523745, 0.03992825447718097,
      0.00034752452379658807, 2.4721378144343134e-6, 1.6568531055429247e-5,
      2.0621410503193267e-7
    ],
    [
      4.490535045266343e-8, 0.0006496418109662722, 3.976340999893596e-12,
      0.03500256070243866, 0.000390412373827348, 0.03814406524863978,
      0.00025213215694562714, 3.3566244106981733e-6, 1.1388629649222391e-5,
      6.004395878193347e-8
    ],
    [
      4.355622217758422e-7, 0.00044728292133366, 3.784013469097735e-13,
      0.027612693892322973, 0.0003607202925688361, 0.03448764176843901,
      0.00017692362922507065, 6.5031843448737024e-6, 6.4169429037590015e-6,
      8.306004453228458e-9
    ],
    [
      1.533120895072401e-6, 0.0003131596530499224, 2.5583570998418565e-14,
      0.016653665631201367, 0.00030928508545117653, 0.026770975137980654,
      0.000130547695135183, 1.471974545373548e-5, 2.1342185761687047e-6,
      9.450389937814321e-10
    ],
    [
      2.261036918681005e-6, 0.00017419426114640118, 2.2441527988896616e-15,
      0.006840795966536696, 0.00020141185868032197, 0.015700943429646074,
      7.530341908091764e-5, 1.9031355537074968e-5, 1.7610386244791653e-7,
      1.6735491216745585e-10
    ],
    [
      1.545469181534236e-6, 3.4342729038792305e-5, 3.845471656993537e-16,
      0.0022923598653646553, 0.0001034317963458941, 0.0075245115268609535,
      1.3451351959985776e-5, 1.2892068949977593e-5, 2.4749374612993923e-7,
      5.363083500173616e-11
    ],
    [
      8.097714120096817e-7, 9.7330905806585e-7, 1.2496569463023326e-16,
      0.0008471703834432198, 5.2527055302935896e-5, 0.003642267523157424,
      1.1343289916892302e-7, 7.038294794986377e-6, 7.807775277620127e-7,
      2.4604062863922366e-11
    ],
    [
      4.2097860836426147e-7, 1.0759680404814583e-7, 6.058482223573082e-17,
      0.0003855662358986639, 2.9063986626943203e-5, 0.0019391314914233458,
      2.472848555761433e-7, 3.857746089457464e-6, 6.303887521305651e-7,
      1.3879988590766514e-11
    ],
    [
      2.336940552950661e-7, 1.8890686298295515e-7, 3.671159404754539e-17,
