{
    "inputs": [
      [0.144052004, 0.12075527],
      [0.864953975, 0.25656044],
      [0.165339509, 0.48834463],
      [0.797560171, 0.02913177],
      [0.593582089, 0.13476484],
      [0.704011446, 0.06116278],
      [0.905842195, 0.35656061],
      [0.543030439, 0.39351471],
      [0.973983933, 0.46497479],
      [0.308200305, 0.82542819]
    ],
    "outputs": [[-1], [0], [1], [0], [-1], [1], [-1], [1], [-1], [1]]
  }