{
  "weights_h": [
    [-5.746519909536539, 2.9690164096819305],
    [1.7330861110411118, 0.6234138541873057],
    [-4.2680844174540296, 8.837146700524412],
    [9.620427797962233, -4.564431014458062],
    [2.7380382082860324, 4.36115637580285]
  ],
  "weights_o": [
    [
      5.033820580365519, 0.8097870331472969, 7.184637774983444,
      4.813610932676044, -2.037432507376672
    ]
  ],
  "bias_h": [
    4.619604974340213, 1.3828999735440926, -0.8969048874336343,
    -5.401210492118324, -3.6262601839486788
  ],
  "bias_o": [0.6491075933965625],
  "qty_neurons": 5,
  "function_h_name": "tanh",
  "function_o_name": "tanh"
}
