{
  "pesos_h": [
    [-13.625508815601052, 15.127836505930178],
    [7.626511693157942, -3.892728612315163],
    [4.955068041947163, -11.240283129497568]
  ],
  "pesos_o": [[-5.002358377650341, -2.948406865625973, -13.364133593963858]],
  "bias_h": [6.610818615612858, -5.154831541975561, 2.0727748029499744],
  "bias_o": [10.420632822074056],
  "neuronas_cnt": 3,
  "funcion_h_nombre": "tanh",
  "funcion_o_nombre": "tanh"
}
