{
  "case_0": {
    "inputs": [
      [0.144052004, 0.12075527],
      [0.864953975, 0.25656044],
      [0.165339509, 0.48834463],
      [0.797560171, 0.02913177],
      [0.593582089, 0.13476484],
      [0.704011446, 0.06116278],
      [0.905842195, 0.35656061],
      [0.543030439, 0.39351471],
      [0.973983933, 0.46497479],
      [0.308200305, 0.82542819]
    ],
    "outputs": [[-1], [0], [1], [0], [-1], [1], [-1], [1], [-1], [1]]
  },
  "case_1": {
    "inputs": [
      [0, 0, 0, 0],
      [0, 0, 0, 1],
      [0, 0, 1, 0],
      [0, 0, 1, 1],
      [0, 1, 0, 0],
      [0, 1, 0, 1],
      [0, 1, 1, 0],
      [0, 1, 1, 1],
      [1, 0, 0, 0],
      [1, 0, 0, 1],
      [1, 0, 1, 0],
      [1, 0, 1, 1],
      [1, 1, 0, 0],
      [1, 1, 0, 1],
      [1, 1, 1, 0],
      [1, 1, 1, 1]
    ],
    "outputs": [
      [0],
      [1],
      [1],
      [0],
      [1],
      [0],
      [0],
      [1],
      [1],
      [0],
      [0],
      [1],
      [0],
      [1],
      [1],
      [0]
    ]
  },
  "case_3": {
    "inputs": [
      [17, 11, 8, 0, 3],
      [4, 11, 9, 8, 1],
      [30, 6, 4, 8, 5],
      [22, 8, 3, 2, 9],
      [13, 3, 6, 4, 6],
      [19, 11, 4, 7, 3],
      [17, 12, 7, 1, 8],
      [18, 5, 9, 5, 9],
      [12, 2, 6, 0, 7],
      [5, 5, 4, 9, 5],
      [5, 8, 0, 3, 5],
      [16, 3, 7, 9, 1],
      [21, 12, 3, 8, 8],
      [14, 2, 4, 5, 9],
      [27, 5, 9, 0, 4],
      [27, 2, 6, 3, 3],
      [27, 11, 0, 2, 5],
      [4, 12, 8, 9, 1],
      [10, 1, 9, 4, 3],
      [22, 3, 3, 1, 4]
    ],
    "outputs": [
      [0.5, 0, 0, 0.5, 0, 0, 0, 0, 0.5, 0],
      [0, 0.5, 0, 0, 0, 0, 0, 0, 0.5, 0.5],
      [0, 0, 0, 0, 0.5, 0.5, 0, 0, 0.5, 0],
      [0, 0, 0.5, 0.5, 0, 0, 0, 0, 0, 0.5],
      [0, 0, 0, 0, 0.5, 0, 1, 0, 0, 0],
      [0, 0, 0, 0.5, 0.5, 0, 0, 0.5, 0, 0],
      [0, 0.5, 0, 0, 0, 0, 0, 0.5, 0.5, 0],
      [0, 0, 0, 0, 0, 0.5, 0, 0, 0, 0.5],
      [0.5, 0, 0, 0, 0, 0, 0.5, 0.5, 0, 0],
      [0, 0, 0, 0, 0.5, 0.5, 0, 0, 0, 0.5],
      [0.5, 0, 0, 0.5, 0, 0.5, 0, 0, 0, 0],
      [0, 0.5, 0, 0, 0, 0, 0, 0.5, 0, 0.5],
      [0, 0, 0, 0.5, 0, 0, 0, 0, 1, 0],
      [0, 0, 0, 0, 0.5, 0.5, 0, 0, 0, 0.5],
      [0.5, 0, 0, 0, 0.5, 0, 0, 0, 0, 0.5],
      [0, 0, 0, 1, 0, 0, 0.5, 0, 0, 0],
      [0.5, 0, 0.5, 0, 0, 0.5, 0, 0, 0, 0],
      [0, 0.5, 0, 0, 0, 0, 0, 0, 0.5, 0.5],
      [0, 0, 0, 0.5, 0.5, 0, 0, 0, 0, 0.5],
      [0.5, 0, 0, 0.5, 0.5, 0, 0, 0, 0, 0]
    ]
  },
  "case_2": {
    "entradas": [
      [4.765638667965009, 0.7337462276828738, -0.6644780690431442],
      [3.8083324788325794, 3.364298095828316, 0.6323343217141795],
      [4.545400263860758, 3.7482833767200514, 0.044698783476953885],
      [4.681791665607202, 5.172449813316429, -0.0750798544861715],
      [5.261717720724371, 2.7802385830090484, -0.267675881897778],
      [5.878555353562935, 2.7299502899688988, -0.8487856863356389],
      [3.5546776754671665, 1.7535223923606453, -0.7963231661496497],
      [0.3641751857855303, 4.304308375554947, 0.7861074992173698],
      [2.5218829909759277, 2.7291506326829884, 0.4024645859697764],
      [3.936067667542006, 6.134816772946144, -0.9682708167854297],
      [0.9041658517213329, 5.279812051479457, 0.12373092598716373],
      [1.4820538507940761, 2.752065467242179, 0.1417563331177507],
      [5.61433242254792, 5.2627927474600815, 0.2905822212539577],
      [1.9768950504551843, 2.8754463264549157, -0.22941898750994083],
      [1.7611169809087075, 1.4883236613030772, -0.4588722752928789],
      [0.6680882393726411, 6.039063792814867, -0.30292850149708705],
      [2.1268718956812602, 3.9448127766156222, -0.5946489380874125],
      [0.41215598962053057, 0.7806441198356094, -0.8852899759324879],
      [3.6226953938088426, 0.17104195892368904, 0.47603242343250596],
      [0.12244454447432797, 1.453781605325729, 0.4370286184223997],
      [5.834398217534431, 0.43198582545193354, -0.4950565971530174],
      [1.6430176116625486, 0.8261422284688515, 0.8080240075381868],
      [2.1493547999704714, 5.600006247747803, -0.6672515865038413],
      [0.47195888667706415, 4.026740127938405, 0.9178336007320644],
      [5.378822046401251, 2.3091539900752487, -0.39813779466673127],
      [3.4260410146703624, 4.712718883110938, -0.9902127920945651],
      [3.9596951427200495, 5.348934721027765, -0.702334768218686],
      [0.8325714556711191, 4.311657217763297, -0.5139442824347811],
      [3.8567924101938744, 2.5590414769088117, 0.26524937050623465],
      [0.44682235625582045, 4.325747570977983, 0.19954438352408843],
      [3.6511577747645982, 2.381116762282534, -0.4461771561325316],
      [2.941328851110784, 0.6236668383099945, 0.5195838249713063],
      [2.2603546540811212, 4.342442100995823, -0.35161304187725695],
      [6.121089699059892, 4.235910480711904, -0.09421160410597573],
      [4.858079531628271, 1.4322609617569295, -0.41976627364487906],
      [2.3215290046593613, 0.8236143905902786, 0.25415407745957763],
      [1.8288013155077931, 5.005480993395591, -0.4878665113350076],
      [1.583340144349773, 4.907557339782067, 0.3600475478655156],
      [4.017503807737084, 0.8678601618139966, -0.5151989777770127],
      [2.0593569895138613, 0.6249384719007967, 0.2357775353932452],
      [2.4455408360581403, 3.85902382764949, 0.06985282496693568],
      [1.5310442229989232, 4.254954438426062, 0.1706114478054046],
      [1.224901448952952, 1.9018360380294022, 0.010834274917167264],
      [4.245302163237263, 5.784094394488478, -0.5128175179185157],
      [2.9437853030947827, 4.412673603865397, 0.1409952362917386],
      [0.7458201723866478, 3.3668089846238494, 0.9198693360832124],
      [1.3865717227670373, 2.861754825012617, -0.018723416379410773],
      [0.8390839422903079, 3.9445447304579484, 0.7620162333062701],
      [2.224546366454176, 2.4146422680689703, -0.5215026339847253],
      [1.0975653362835547, 4.223018871344448, 0.23289383113118411],
      [2.8570795157135236, 2.5472981341302354, -0.6698803564480189],
      [2.5109413608197335, 5.909679230522949, 0.8918738631569743],
      [2.9823073971785776, 4.6951213222306505, -0.18712923606532605],
      [0.6150145911561732, 0.8326393163183791, -0.43607081814032167],
      [4.719940396461546, 1.2372500391578938, 0.8837110269088617],
      [4.772886639277628, 0.7456145460815106, -0.4233728701319375],
      [5.192945688797666, 3.713176208746509, -0.20291278496960996],
      [1.1155592474616376, 4.744345789042972, -0.18541672655528285],
      [3.2804158990342547, 4.6706726152605835, -0.3897234596796575],
      [1.8095191180934385, 0.1092265226242795, 0.48612516461756305],
      [4.308077562947358, 1.1826614592756943, 0.7025568078100273],
      [4.511252075171394, 1.3814189739056113, -0.05537070399930921],
      [5.710211801120724, 4.7201114817486305, -0.7771868447762609],
      [6.1061539528786835, 5.818400402907777, 0.5598138591062847],
      [0.014993023145575343, 0.48139098068262814, -0.23281137680492092],
      [0.6350859623611412, 0.35727241452927894, 0.6056582789138791],
      [3.0202408717871045, 3.092197173814447, -0.0784698205553438],
      [0.19140440096488368, 3.223922824414695, 0.8026793147030176],
      [1.18866007838066, 3.625347788236943, 0.6522843517786978],
      [3.1470731067432376, 4.4891259668510655, 0.5199203395356657],
      [3.3455565978152797, 0.21370092252700845, -0.5510591443911887],
      [3.4598774478493985, 4.285653189259817, 0.025018562168501512],
      [0.1639002133471691, 0.6212246134763, -0.06003791340379094],
      [5.28184432381141, 2.117536999999248, -0.24743914872287331],
      [4.097817680242515, 6.140331703496972, -0.3188199138687995],
      [0.18382858284258496, 1.1495225411321808, -0.3092991222998036],
      [2.7927645533473617, 1.9505639258066079, -0.9182836063256561],
      [1.2755810137472239, 4.764426514474691, -0.0901916062785848],
      [4.397981401357642, 2.5200844193885596, 0.9755612529423205],
      [1.1598128847258133, 5.35507830612273, 0.1423286463670319],
      [1.45305677401236, 5.122423091733327, -0.5748709327792245],
