{"pesos_h": [[3.649739837819645, -4.251166074038969, 3.795599551577701, -4.755986298006754], [3.4552588365668186, 3.4817145449702673, 3.674272022831956, 3.1637145835509446], [4.288755202814584, 1.3362173112611744, 4.6294842733975985, -6.759528898988534], [-3.026876217341434, -0.9982382057443362, -2.6567918434493065, -3.4865608841884472], [4.402212598548444e-15, -1.3785349618704542e-14, -1.7588084833602084e-14, -8.330016663674171e-15], [-2.516050685819598, 4.799704376837609, -0.03236682066508977, 4.187116328796482], [2.1106661770279905e-07, -3.5594130524610163e-07, -4.809609691649934e-07, -3.1195848235582737e-07], [3.2055420429472545, 3.336724398121108, 3.433955863287787, 3.3358538092413372], [4.830025287236578, 5.0264889082463995, 4.919611425930842, -5.01500788822839]], "pesos_o": [[1.8655529872068584, -2.4535965338890926, -2.459388370014975, -2.2212317410216498, 5.079172601888523e-16, 1.8951262739462145, 1.33304189540915e-08, 0.3631995352356361, 2.4330726078700025]], "bias_h": [-1.2635066857724144, -4.708327491091117, -1.6355797541356794, 1.0777974629349043, 2.0117787675622634e-14, 0.9447750018373547, 5.363085070066828e-07, -0.30333050623334656, -2.2147353198455537], "bias_o": [-0.2614581194608543], "neuronas_cnt": 9, "funcion_h_nombre": "tanh", "funcion_o_nombre": "tanh"}