{
  "case_0": {
    "inputs": [
      [0.144052004, 0.12075527],
      [0.864953975, 0.25656044],
      [0.165339509, 0.48834463],
      [0.797560171, 0.02913177],
      [0.593582089, 0.13476484],
      [0.704011446, 0.06116278],
      [0.905842195, 0.35656061],
      [0.543030439, 0.39351471],
      [0.973983933, 0.46497479],
      [0.308200305, 0.82542819]
    ],
    "outputs": [[-1], [0], [1], [0], [-1], [1], [-1], [1], [-1], [1]]
  },
  "case_1": {
    "inputs": [
      [0, 0, 0, 0],
      [0, 0, 0, 1],
      [0, 0, 1, 0],
      [0, 0, 1, 1],
      [0, 1, 0, 0],
      [0, 1, 0, 1],
      [0, 1, 1, 0],
      [0, 1, 1, 1],
      [1, 0, 0, 0],
      [1, 0, 0, 1],
      [1, 0, 1, 0],
      [1, 0, 1, 1],
      [1, 1, 0, 0],
      [1, 1, 0, 1],
      [1, 1, 1, 0],
      [1, 1, 1, 1]
    ],
    "outputs": [
      [0],
      [1],
      [1],
      [0],
      [1],
      [0],
      [0],
      [1],
      [1],
      [0],
      [0],
      [1],
      [0],
      [1],
      [1],
      [0]
    ]
  },
  "case_3": {
    "inputs": [
      [17, 11, 8, 0, 3],
      [4, 11, 9, 8, 1],
      [30, 6, 4, 8, 5],
      [22, 8, 3, 2, 9],
      [13, 3, 6, 4, 6],
      [19, 11, 4, 7, 3],
      [17, 12, 7, 1, 8],
      [18, 5, 9, 5, 9],
      [12, 2, 6, 0, 7],
      [5, 5, 4, 9, 5],
      [5, 8, 0, 3, 5],
      [16, 3, 7, 9, 1],
      [21, 12, 3, 8, 8],
      [14, 2, 4, 5, 9],
      [27, 5, 9, 0, 4],
      [27, 2, 6, 3, 3],
      [27, 11, 0, 2, 5],
      [4, 12, 8, 9, 1],
      [10, 1, 9, 4, 3],
      [22, 3, 3, 1, 4]
    ],
    "outputs": [
      [0.5, 0, 0, 0.5, 0, 0, 0, 0, 0.5, 0],
      [0, 0.5, 0, 0, 0, 0, 0, 0, 0.5, 0.5],
      [0, 0, 0, 0, 0.5, 0.5, 0, 0, 0.5, 0],
      [0, 0, 0.5, 0.5, 0, 0, 0, 0, 0, 0.5],
      [0, 0, 0, 0, 0.5, 0, 1, 0, 0, 0],
      [0, 0, 0, 0.5, 0.5, 0, 0, 0.5, 0, 0],
      [0, 0.5, 0, 0, 0, 0, 0, 0.5, 0.5, 0],
      [0, 0, 0, 0, 0, 0.5, 0, 0, 0, 0.5],
      [0.5, 0, 0, 0, 0, 0, 0.5, 0.5, 0, 0],
      [0, 0, 0, 0, 0.5, 0.5, 0, 0, 0, 0.5],
      [0.5, 0, 0, 0.5, 0, 0.5, 0, 0, 0, 0],
      [0, 0.5, 0, 0, 0, 0, 0, 0.5, 0, 0.5],
      [0, 0, 0, 0.5, 0, 0, 0, 0, 1, 0],
      [0, 0, 0, 0, 0.5, 0.5, 0, 0, 0, 0.5],
      [0.5, 0, 0, 0, 0.5, 0, 0, 0, 0, 0.5],
      [0, 0, 0, 1, 0, 0, 0.5, 0, 0, 0],
      [0.5, 0, 0.5, 0, 0, 0.5, 0, 0, 0, 0],
      [0, 0.5, 0, 0, 0, 0, 0, 0, 0.5, 0.5],
      [0, 0, 0, 0.5, 0.5, 0, 0, 0, 0, 0.5],
      [0.5, 0, 0, 0.5, 0.5, 0, 0, 0, 0, 0]
    ]
  },
  "case_2": {
    "inputs": [
      [3.2709546486978174, 2.854011161810541, -0.10941564343623922],
      [3.2695779527052866, 1.2927339286275612, -0.761377864151328],
      [5.451659371944443, 4.008518966586527, 0.49427472757273927],
      [5.154105441024112, 4.863264518591611, -0.09276649673670812],
      [4.247665297869316, 3.105613097802529, -0.7185233250631453],
      [3.9811577485019867, 5.0335936432208035, 0.03519325561133191],
      [2.786578216497401, 5.059245147421184, -0.5388259083659857],
      [2.108374827418238, 1.4429199890823907, 0.46291847910479555],
      [5.436412791523925, 5.428297839710132, 0.7096485822741205],
      [4.416894964059561, 5.803123874581746, 0.6086963912274392],
      [0.17637205781916224, 2.9744024869780117, 0.4252214689989422],
      [3.707545110263167, 3.0818974347665864, 0.11886410380710499],
      [0.8927519545353113, 4.48159172061457, 0.7492644779045616],
      [2.6025996226493118, 4.338207357025595, -0.27708473740035755],
      [3.595322714013088, 1.6192756757721227, -0.44630589106290497],
      [1.756908469765261, 6.064460514989479, 0.03940556442243537],
      [4.602001747564215, 3.337386242064428, 0.5689144927578884],
      [0.44047960238947576, 3.3959513770037346, -0.8673476201334454],
      [4.4980283191564, 1.676480806684845, -0.5532934160520022],
      [2.3556581142895947, 3.7972011789362483, -0.4752179450088565],
      [3.8006676808600632, 2.02668611839017, -0.6570445343084268],
      [3.8993696616089473, 6.128646076124, 0.035430066088855794],
      [2.6906035234035968, 3.8067429983504066, -0.9099460020651899],
      [2.135495169764088, 4.953166073054056, 0.12897684783658048],
      [5.895944735105316, 4.1093540639401125, 0.11441389837355742],
      [4.769786436852611, 6.092738927591611, 0.9640981864414169],
      [5.767286862783764, 1.9475660301627784, -0.9239556435744316],
      [1.4224682522776133, 3.5075599014715095, -0.8039969911472291],
      [4.466638847047469, 1.9566589619158856, -0.4469916479027616],
      [4.132614892836749, 5.6761850268297716, 0.0816749550354976],
      [3.7361459065903553, 4.5154090450976865, 0.7437718421746036],
      [4.46896352010035, 0.8555725723533357, 0.4663837902843857],
      [5.943146299933128, 1.5831759063510036, 0.5437838135983328],
      [0.42808311172955676, 3.8318010533542957, -0.7825124246149509],
      [4.7856043414841, 4.603085554728391, 0.12383339850776354],
      [2.2317125622461336, 0.6070683442080254, -0.034228245620322006],
      [1.7422193801965424, 0.011780221874620226, -0.7934367778533264],
      [3.8432394357445303, 5.931280422758964, 0.8347272398854237],
      [6.246104157882065, 0.43941400082162646, -0.05738743045686112],
      [3.5578132135631155, 0.1006475301163876, 0.03995210235516744],
      [5.5099414744790725, 0.8416659199080251, -0.7533972449804487],
      [0.008777207056035904, 3.6682720110607945, 0.1668335318404519],
      [6.126669910164656, 4.321862295108323, -0.1182960054583293],
      [5.737892359521121, 0.05773041797693886, 0.08610853289958098],
      [5.074021330978584, 4.284378856087399, -0.8974373600440329],
      [3.194400339041288, 3.282049767639575, -0.3635168600753076],
      [1.446528482863659, 3.0957835368738613, 0.8448563707022485],
      [2.3141067586710413, 4.094253052274318, -0.1950931704426324],
      [6.181347750929349, 6.245895685860786, -0.1410964081994599],
      [2.728696801582409, 3.4545186404782595, -0.5185435087154504],
      [0.046852710663989564, 1.1272642494802176, 0.5381953159631496],
      [6.247173080915475, 0.11887512725507302, -0.24824218525659814],
      [3.6178792082091014, 2.5073248188115778, 0.4244134836109259],
      [4.067611614542583, 1.7009782871012489, -0.9382332667763813],
      [1.5072323792216105, 0.9807583353299394, -0.8393157855737086],
      [4.371294943597232, 1.88857427174702, 0.7954822741057113],
      [2.1331391578334187, 2.4645886803356003, 0.35261757801218496],
      [1.767508273974358, 1.695616041286902, -0.547994661919079],
      [2.434671452869464, 0.720069079629965, -0.633351904194777],
      [2.552194396444737, 3.8773755784964195, -0.7917464855954344],
      [3.5424046959052387, 5.791555721055132, 0.5163548669595917],
      [2.1771490926526686, 2.8296909258504317, 0.6727379157793343],
      [2.093478102571623, 5.4455011623162735, -0.8805338674609555],
      [0.13282527844641467, 4.8085373039821535, -0.3389457082783365],
      [0.20292300043731948, 4.87921796002335, 0.7160558576278053],
      [4.729319561007648, 4.984013923819342, 0.044669604009255126],
      [2.906536830395235, 2.1558538741435824, -0.21195742703647324],
      [1.7138935457788904, 3.152932513720509, -0.5886523301518642],
      [6.200986429870284, 0.6211021115717805, -0.983172665409235],
      [3.5671375656042192, 4.927898545901585, -0.6193673111555151],
      [4.84614874926839, 5.064954036559684, 0.5844818194669268],
      [3.0755021907765117, 0.830128276067236, 0.12412096626665492],
      [0.2823218559101449, 3.723097285024198, -0.10855322877593543],
      [5.609249416620318, 5.270701321025294, 0.026145836243913978],
      [6.089793934016334, 0.6404046142517545, 0.19578632220616288],
      [1.474737855587666, 4.371773188906873, -0.795004046474793],
      [0.8128615815404453, 0.9608783523480734, -0.7596526592953008],
      [4.399691439723036, 2.25905102283954, 0.5353620731611413],
      [3.5722726268731635, 5.043515982215214, -0.2002044350263168],
      [4.456317300486006, 1.1642478127100464, -0.8174350043775687],
      [2.9147889280561725, 2.4770858890404823, 0.19352617266573513],
