{
  "weights_h": [
    [-0.0079865768, 3.5276331940, 0.0164846903],
    [-3.3750145968, -0.0240302395, 0.0851505703],
    [1.4934613302, -0.8507087792, 0.8438887050],
    [0.2908111422, 1.7458351046, 0.1794850958],
    [1.3388379158, -0.4062944906, 0.7433407640],
    [0.9512099364, -0.8490329186, 0.6640557291],
    [0.0206391241, 3.0675341671, 0.0095276829]
  ],
  "weights_o": [
    [
      -0.6028228119, 0.9609617220, 0.9637412823,
      0.9902787617, 1.0736504993, 0.8329904824,
      0.8884313608
    ]
  ],
  "bias_h": [
    -1.4304601064817677, 1.9238830086456034, 0.6733270487031513,
    -0.04449127921279059, -1.6739704825481143, -0.19029301069113316,
    -2.251431152984144
  ],
  "bias_o": [0.3185283682350127],
  "qty_neurons": 7,
  "function_h_name": "tanh",
  "function_o_name": "ReLU"
}
