{
  "training_date": "2024-10-01 21:56:59",
  "epochs": 6962,
  "max_epochs": 100000,
  "initial_bias": 0,
  "qty_neurons": 3,
  "arquitecture": [4, 3, 1],
  "function_h": "tanh",
  "function_o": "ReLU",
  "momentum": true,
  "b": 0.3,
  "alpha": 0.06,
  "precision": 1e-7,
  "totals_errors": [
    2.0000001, 0.1333972680228307, 0.0354476509843911, 0.03313936014938553,
    0.03252890819988388, 0.03218989360376204, 0.030113481582261195,
    1.1941664070371931e-8
  ],
  "patterns_errors": [
    [
      2.0000001, 2.0000001, 2.0000001, 2.0000001, 2.0000001, 2.0000001,
      2.0000001, 2.0000001, 2.0000001, 2.0000001, 2.0000001, 2.0000001,
      2.0000001, 2.0000001, 2.0000001, 2.0000001
    ],
    [
      0.009711237648561218, 0.08699390235842099, 0.0721576994396781,
      0.19410028222443698, 0.08090978354318824, 0.17675199810927553,
      0.12544710949920101, 0.20170561059575576, 0.08055225748609358,
      0.17430851602390668, 0.12387960335071714, 0.2045221081108518,
      0.14042353283521297, 0.18660729012271066, 0.13545517278259867,
      0.14083018423468188
    ],
    [
      2.139215857186671e-6, 8.501272438784059e-6, 6.783151476119129e-6,
      0.0012978016217590005, 3.97334360291017e-6, 1.608803119901525e-5,
      3.85697000588533e-6, 0.06195216816769975, 2.9715041434181223e-6,
      5.033150342747427e-6, 9.522404091185582e-7, 0.03781616448720817,
      0.0007015081861865333, 0.024243798974592615, 0.014085219192132055,
      0.4270154562412043
    ],
    [
      1.1797408529675291e-7, 6.465177750702003e-7, 5.530646788453541e-7,
      0.0002219179154481304, 2.3772310523102244e-7, 9.89506809297783e-7, 0.0,
      0.05561767425142918, 2.1478081703313783e-7, 0.0, 0.0, 0.03283630124243927,
      0.00012345426515377565, 0.019765373917899943, 0.011580657678155531,
      0.4100816235523719
    ],
    [
      4.184888145480473e-10, 9.64443586932166e-8, 8.55644668697002e-8,
      8.114786606400724e-5, 2.3802060059990946e-8, 3.709160711285116e-7, 0.0,
      0.0540014414115029, 3.661152072530575e-8, 0.0, 0.0, 0.031648924597557374,
      4.527323693476494e-5, 0.018735305426278746, 0.010933629192656677,
      0.4050161957101814
    ],
    [
      0.0, 1.1129678425117069e-9, 1.1196424785550289e-10, 4.230049338731352e-5,
      6.323994776841938e-9, 2.1392259033811318e-7, 0.0, 0.053186119559989184,
      1.3015583997418176e-9, 0.0, 0.0, 0.031074086701073075,
      2.383225896295305e-5, 0.018269259101659784, 0.010630474540002714,
      0.401812002232042
    ],
    [
      0.0, 2.0398950467280978e-5, 1.0437304994268592e-5, 0.00012294475173941607,
      3.402742186975456e-6, 3.903769723982306e-7, 0.0, 0.05032511859073237,
      1.0950662961005278e-7, 0.0, 0.0, 0.029695217210550042,
      8.641636793746914e-5, 0.01762861756254285, 0.010121486627075328,
      0.3738011653243511
    ],
    [
      0.0, 9.988688883174914e-8, 1.01379962643129e-8, 0.0, 6.379790458970256e-8,
      0.0, 0.0, 2.196268114966703e-10, 2.56894311947999e-10,
      8.989209181071066e-10, 0.0, 6.450265057586955e-9, 0.0,
      2.175485863660041e-9, 6.779371680660813e-9, 4.63270796726706e-10
    ]
  ],
  "weights_h": [
    [
      [
        0.7707881101446886, 0.38167923843807483, 0.4117950468689454,
        0.9911907853712277
      ],
      [
        0.5389693617516815, 0.3805786234162102, 0.80550307669441,
        0.3016404520868481
      ],
      [
        0.15946363702674762, 0.38397038694946917, 0.41958395003904825,
        0.2596476473706275
      ]
    ],
    [
      [
        1.6275195389833732, 1.5887383837584248, 1.5918482737321709,
        1.6371759671579356
      ],
      [
        0.3476098260811478, 0.37029063371363, 0.4112714009698962,
        0.36846741376000397
      ],
      [
        0.015005084395697596, 0.04936975899085076, 0.044616440145530456,
        0.026363569194491992
      ]
    ],
    [
      [
        2.1195408486252956, 2.108752452684101, 2.109005545313631,
        2.1807183802528725
      ],
      [
        2.003842769052788, 2.01098341174042, 2.020806413468567,
        2.0258936553570877
      ],
      [
        1.4976682331623512, 1.5577846945042482, 1.5808472063739671,
        1.582426421681833
      ]
    ],
    [
      [
        2.131629693642883, 2.1225715349224097, 2.1298427825973434,
        2.1999315476591588
      ],
      [
        2.104236113236497, 2.1058616908365706, 2.1090487538059883,
        2.117250959499579
      ],
      [
        1.9373309143857094, 1.9948253933174342, 2.0042505214218362,
        2.0229354627447305
      ]
    ],
    [
      [
        2.1363563793153553, 2.1271851186057797, 2.137805807743196,
        2.2072547053845173
      ],
      [
        2.0999663066240934, 2.0998798837083763, 2.102055855385461,
        2.1096709426939215
      ],
      [
        2.1737160862728633, 2.230996692135047, 2.2364059374628544,
        2.257389915911915
      ]
    ],
    [
      [
        2.138259509316624, 2.127893063198059, 2.140409825824445,
        2.209460226787232
      ],
      [
        2.028782597522002, 2.02773070919723, 2.0297201547861596,
        2.036843875407013
      ],
      [
        2.339502348815619, 2.3950735676827577, 2.3986693152559555,
        2.418256555833753
      ]
    ],
    [
      [
        2.1363928051123366, 2.119135949281819, 2.1301659693961597,
        2.198035322877884
      ],
      [
        1.644112877982907, 1.6382587671823012, 1.642279662184545,
        1.6517783655930454
      ],
      [
        2.4340117868546365, 2.478494144476222, 2.480232173273531,
        2.4887606557583375
      ]
    ],
    [
      [
        2.172663019096389, 2.1607287475682497, 2.143093535198434,
        2.177899672731499
      ],
      [
        1.0428296063917044, 1.040620187559711, 1.0360492069043958,
        1.0432612069643645
      ],
      [
        2.2831165814245917, 2.275870580454586, 2.260834246010294,
        2.284689068232235
      ]
    ]
  ],
  "weights_o": [
    [[0.951683817453832, 0.6702031191865844, 0.3942170227376437]],
    [[0.9869153162574598, -0.28291034089141076, -0.0064132930791517325]],
    [[2.0449678578942243, -2.6643035245660815, 1.7093619345613251]],
    [[2.1200714620741423, -2.8975265630879368, 1.839034044179036]],
    [[2.128787899949968, -3.003015129529563, 1.934866769514559]],
    [[2.099570559229274, -3.064719359025515, 2.0506808822688307]],
    [[1.9020965844681412, -3.0534581219382884, 2.4170783617857396]],
    [[1.5268163985389849, -3.5019807316934646, 2.6747161611720105]]
  ],
  "bias_h": [
    [0.644630803720953, 0.4561020792482924, 0.4802061465903553],
    [0.4182702352956298, -0.14473659164906155, -0.06365885274647225],
    [-0.2760431242163568, -2.3085654770796564, -2.582153144173004],
    [-0.32396361212579833, -2.4701507201441935, -3.414184687420415],
    [-0.32566221952573776, -2.5090775016244775, -3.8697685371521313],
    [-0.31923719801063605, -2.5077019882577924, -4.203873819919021],
    [-0.35273747878731826, -2.5392689042102266, -4.680610300480203],
    [-0.279814460721649, -2.5447000874365076, -5.594322653330159]
  ],
  "bias_o": [
    [0.9198232885040061],
    [-0.29708508628767855],
    [-0.38518442061728125],
    [-0.3728921545679486],
    [-0.37649130952320636],
    [-0.40420927233728426],
    [-0.6102986445217876],
    [-0.961750020410621]
  ]
}
