{
    "weights_h": [
        [
            1.2961373454732297,
            1.188030572430045,
            0.2230969197913245,
            1.1845262596258934
        ],
        [
            1.4319977679403404,
            1.4944186025424222,
            1.4071618446528085,
            1.4628883898712643
        ],
        [
            0.6013726337760948,
            0.6014820504687315,
            0.6016478561505196,
            0.6013771914531105
        ],
        [
            2.164562364908091,
            2.1945514917589644,
            2.2141181041970968,
            2.2029012505806285
        ],
        [
            1.6603497565095924,
            1.7482700176013106,
            1.730786361435796,
            1.808942011394038
        ],
        [
            1.788063175088427,
            1.788007276681846,
            1.7868152510872064,
            1.7883784412543713
        ]
    ],
    "weights_o": [
        [
            -0.19863694956201886,
            0.9752687616974652,
            -2.0013247251925947,
            -2.5596317703076967,
            1.5456145294107335,
            2.22080396135852
        ]
    ],
    "bias_h": [
        0.27595802357521776,
        -0.3145997570764077,
        -1.886089209497124,
        -2.406718755058129,
        -0.6133832917331566,
        -3.5775959480102784
    ],
    "bias_o": [
        -1.0279947986894087
    ],
    "qty_neurons": 6,
    "function_h_name": "Tangente Hiperb\u00f3lica",
    "function_o_name": "ReLU"
}