{
  "weights_h": [
    [
      2.172663019096389, 2.1607287475682497, 2.143093535198434,
      2.177899672731499
    ],
    [
      1.0428296063917044, 1.040620187559711, 1.0360492069043958,
      1.0432612069643645
    ],
    [
      2.2831165814245917, 2.275870580454586, 2.260834246010294,
      2.284689068232235
    ]
  ],
  "weights_o": [[1.5268163985389849, -3.5019807316934646, 2.6747161611720105]],
  "bias_h": [-0.279814460721649, -2.5447000874365076, -5.594322653330159],
  "bias_o": [-0.961750020410621],
  "qty_neurons": 3,
  "function_h_name": "tanh",
  "function_o_name": "ReLU"
}
